{"iter_loss": 3.31166410446167, "_timestamp": 1655304767, "_runtime": 828, "_step": 2133, "epoch_loss": 3.1742348449909135, "train accuracy": 25.55601692199707, "accuracy": 14.831049919128418}