{"iter_loss": 7.51224422454834, "_timestamp": 1654802151, "_runtime": 544, "_step": 338, "epoch_loss": 7.507136604573467, "accuracy": 0.0}