{"iter_loss": 3.518960952758789, "_timestamp": 1655268675, "_runtime": 24, "_step": 2, "epoch_loss": 3.518960952758789, "accuracy": 0.0}