{"iter_loss": 3.3846640586853027, "_timestamp": 1655274443, "_runtime": 4792, "_step": 41935, "epoch_loss": 3.3473272827441938, "accuracy": 0.0}