{"iter_loss": 2.7410523891448975, "_timestamp": 1655125099, "_runtime": 35, "_step": 19, "epoch_loss": 2.7410523891448975, "accuracy": 0.0}