{"iter_loss": 3.5153894424438477, "_timestamp": 1655305641, "_runtime": 831, "_step": 2133, "epoch_loss": 3.435802534716019, "train accuracy": 9.3046875, "accuracy": 3.5443780422210693}