{"iter_loss": 7.80889892578125, "_timestamp": 1654729588, "_runtime": 86, "_step": 55, "epoch_loss": 7.6789595910481045}