{"iter_loss": 3.626997947692871, "_timestamp": 1655269638, "_runtime": 935, "_step": 8131, "epoch_loss": 3.3013761043548584, "accuracy": 0.0}