{"iter_loss": 7.495163440704346, "_timestamp": 1654833906, "_runtime": 178, "_step": 2, "epoch_loss": 7.495163440704346, "accuracy": 0.0}