{"iter_loss": 7.439478397369385, "_timestamp": 1654771755, "_runtime": 305, "_step": 427, "epoch_loss": 7.546648500121642}