{"iter_loss": 3.4983978271484375, "_timestamp": 1655309445, "_runtime": 1990, "_step": 4961, "epoch_loss": 3.5706733307301604, "train accuracy": 10.112865447998047, "accuracy": 3.3934075832366943}