{"iter_loss": 7.559822082519531, "_timestamp": 1654787702, "_runtime": 241, "_step": 343, "epoch_loss": 7.547165909478831}