{"iter_loss": 7.4950971603393555, "_timestamp": 1654802359, "_runtime": 177, "_step": 2, "epoch_loss": 7.4950971603393555, "accuracy": 0.0}