{"iter_loss": 7.517433166503906, "_timestamp": 1654771262, "_runtime": 175, "_step": 267, "epoch_loss": 7.555688729926722}