{"iter_loss": 3.6998794078826904, "_timestamp": 1655306887, "_runtime": 1044, "_step": 2716, "epoch_loss": 3.641445394383361, "train accuracy": 4.9375, "accuracy": 1.3881279230117798}