{"iter_loss": 4.715579509735107, "_timestamp": 1655208055, "_runtime": 30, "_step": 8, "epoch_loss": 4.715579509735107, "accuracy": 0.0}