{"iter_loss": 4.671562194824219, "_timestamp": 1655124510, "_runtime": 48, "_step": 39, "epoch_loss": 4.671562194824219, "accuracy": 0.0}