{"iter_loss": 4.688779354095459, "_timestamp": 1655124365, "_runtime": 38, "_step": 20, "epoch_loss": 4.688779354095459, "accuracy": 0.0}