{"iter_loss": 7.5555901527404785, "_timestamp": 1654839248, "_runtime": 158, "_step": 2, "epoch_loss": 7.5555901527404785, "accuracy": 0.0}