{"iter_loss": 3.6606016159057617, "_timestamp": 1655307447, "_runtime": 536, "_step": 1336, "epoch_loss": 3.635477392089288, "train accuracy": 5.984375, "accuracy": 1.8411815166473389}