{"iter_loss": 4.695870876312256, "_timestamp": 1655124311, "_runtime": 400, "_step": 531, "epoch_loss": 4.701113973345075, "accuracy": 0.0}