{"iter_loss": 7.574862003326416, "_timestamp": 1654847389, "_runtime": 8046, "_step": 3164, "epoch_loss": 7.567394840392427, "accuracy": 0.0}