{"iter_loss": 7.4950971603393555, "_timestamp": 1654803252, "_runtime": 176, "_step": 2, "epoch_loss": 7.4950971603393555, "accuracy": 0.0}