{"iter_loss": 2.7024881839752197, "_timestamp": 1655207894, "_runtime": 42, "_step": 31, "epoch_loss": 2.7024881839752197, "accuracy": 0.0}