{"iter_loss": 7.566069602966309, "_timestamp": 1654839016, "_runtime": 991, "_step": 321, "epoch_loss": 7.565893848611729, "accuracy": 0.0}